{
    "ids": [
        2106.16006,
        2010.11929,
        2105.15075,
        2110.03921,
        2106.02852,
        2206.00389,
        2101.01169,
        2101.01097,
        2204.07962,
        2003.00594
    ],
    "scores": [
        25.93145541366296,
        25.46171374723224,
        24.631982963489605,
        21.03910596080544,
        16.25499328458179,
        25.77541545079319,
        25.892983868958503,
        17.44083657630296,
        21.147922786941542,
        23.785287425884796
    ],
    "sigmas": [
        1.8509175668004134,
        2.005994448922097,
        1.906768176176714,
        1.7547322749197283,
        2.0617478147730584,
        1.5314800002896096,
        1.7883643422743005,
        2.384961014413685,
        1.5633342505277805,
        1.4925677403984574
    ],
    "corr": 0.3696969696969697,
    "top_10_ids_accuracy": 100.0,
    "query": "california"
}